,index,0,1,2
148,149,management,affaire,9
3,4,gestion,marketing,9
549,550,affaire,entreprise,9
15,16,gestion,droit,9
150,151,management,entreprise,9
225,226,international,droit,8
4,5,gestion,science,8
219,220,international,entreprise,8
555,556,affaire,droit,8
156,157,management,droit,8
680,681,entreprise,droit,7
13,14,gestion,juridique,7
1144,1145,logistique,transport,7
10,11,gestion,technologie,7
217,218,international,affaire,7
294,295,marketing,assurance,7
215,216,international,commerce,7
289,290,marketing,finance,6
283,284,marketing,commerce,6
428,429,commerce,logistique,6
359,360,science,économique,6
917,918,juridique,économique,6
355,356,science,technologie,6
0,1,gestion,informatique,6
358,359,science,juridique,6
11,12,gestion,finance,6
16,17,gestion,assurance,6
17,18,gestion,logistique,6
152,153,management,finance,5
144,145,management,marketing,5
290,291,marketing,comptabilité,5
146,147,management,commerce,5
802,803,finance,assurance,5
14,15,gestion,économique,5
430,431,commerce,transport,5
740,741,technologie,économique,5
427,428,commerce,assurance,5
88,89,informatique,logistique,5
90,91,informatique,transport,5
620,621,communication,logistique,5
739,740,technologie,juridique,5
614,615,communication,finance,5
213,214,international,marketing,5
149,150,management,communication,4
12,13,gestion,comptabilité,4
72,73,informatique,management,4
226,227,international,assurance,4
74,75,informatique,marketing,4
286,287,marketing,communication,4
76,77,informatique,commerce,4
798,799,finance,comptabilité,4
419,420,commerce,communication,4
8,9,gestion,communication,4
82,83,informatique,finance,4
803,804,finance,logistique,4
84,85,informatique,juridique,4
804,805,finance,humaine,4
805,806,finance,transport,4
295,296,marketing,logistique,4
91,92,informatique,réseaux,4
300,301,marketing,banque,4
814,815,finance,ressource,4
1206,1207,humaine,ressource,4
79,80,informatique,communication,4
160,161,management,transport,4
420,421,commerce,entreprise,4
1088,1089,assurance,logistique,4
619,620,communication,assurance,4
621,622,communication,humaine,4
622,623,communication,transport,4
631,632,communication,ressource,4
422,423,commerce,finance,4
1093,1094,assurance,banque,4
1147,1148,logistique,banque,4
158,159,management,logistique,4
19,20,gestion,transport,4
157,158,management,assurance,4
1197,1198,humaine,transport,3
864,865,comptabilité,transport,3
1258,1259,transport,ressource,3
227,228,international,logistique,3
923,924,juridique,réseaux,3
946,947,juridique,politique,3
317,318,marketing,assistanat,3
306,307,marketing,ressource,3
994,995,économique,lettre,3
1266,1267,transport,sécurité,3
995,996,économique,sociale,3
218,219,international,communication,3
297,298,marketing,transport,3
296,297,marketing,humaine,3
162,163,management,télécommunication,3
1161,1162,logistique,sécurité,3
1153,1154,logistique,ressource,3
159,160,management,humaine,3
221,222,international,finance,3
1143,1144,logistique,humaine,3
1110,1111,assurance,assistanat,3
169,170,management,ressource,3
1099,1100,assurance,ressource,3
2001,2002,sécurité,hygiène,3
166,167,management,développement,3
1090,1091,assurance,transport,3
1089,1090,assurance,humaine,3
1252,1253,transport,banque,3
861,862,comptabilité,assurance,3
423,424,commerce,comptabilité,3
1515,1516,environnement,hygiène,3
87,88,informatique,assurance,3
808,809,finance,banque,3
93,94,informatique,banque,3
769,770,technologie,politique,3
1465,1466,génie,civil,3
760,761,technologie,lettre,3
625,626,communication,banque,3
374,375,science,technique,3
43,44,gestion,politique,3
615,616,communication,comptabilité,3
39,40,gestion,assistanat,3
27,28,gestion,ingénierie,3
1511,1512,environnement,sécurité,3
450,451,commerce,assistanat,3
22,23,gestion,banque,3
684,685,entreprise,transport,3
6,7,gestion,formation,3
18,19,gestion,humaine,3
21,22,gestion,télécommunication,3
433,434,commerce,banque,3
23,24,gestion,génie,3
862,863,comptabilité,logistique,3
24,25,gestion,environnement,3
1950,1951,lettre,médecine,2
651,652,communication,direction,2
451,452,commerce,hygiène,2
645,646,communication,master,2
1933,1934,lettre,politique,2
447,448,commerce,sécurité,2
1925,1926,lettre,sociale,2
249,250,international,assistanat,2
676,677,entreprise,finance,2
642,643,communication,assistanat,2
1152,1153,logistique,ingénierie,2
1145,1146,logistique,réseaux,2
459,460,commerce,direction,2
548,549,affaire,communication,2
500,501,formation,environnement,2
1200,1201,humaine,banque,2
551,552,affaire,finance,2
222,223,international,comptabilité,2
556,557,affaire,assurance,2
489,490,formation,juridique,2
559,560,affaire,transport,2
232,233,international,banque,2
1173,1174,logistique,direction,2
1165,1166,logistique,hygiène,2
1164,1165,logistique,assistanat,2
1157,1158,logistique,administration,2
1156,1157,logistique,internationale,2
463,464,commerce,douane,2
681,682,entreprise,assurance,2
1149,1150,logistique,environnement,2
677,678,entreprise,comptabilité,2
863,864,comptabilité,humaine,2
682,683,entreprise,logistique,2
922,923,juridique,transport,2
949,950,juridique,sociologie,2
825,826,finance,assistanat,2
939,940,juridique,sécurité,2
326,327,marketing,direction,2
937,938,juridique,lettre,2
933,934,juridique,langue,2
2476,2477,énergie,renouvelable,2
834,835,finance,direction,2
920,921,juridique,logistique,2
978,979,économique,humaine,2
368,369,science,génie,2
893,894,comptabilité,direction,2
2108,2109,assistanat,direction,2
884,885,comptabilité,assistanat,2
873,874,comptabilité,ressource,2
2144,2145,hygiène,industrie,2
867,868,comptabilité,banque,2
1213,1214,humaine,sociale,2
953,954,juridique,fiscal,2
983,984,économique,génie,2
438,439,commerce,ingénierie,2
391,392,science,sociologie,2
435,436,commerce,environnement,2
2014,2015,sécurité,industrie,2
285,286,marketing,affaire,2
418,419,commerce,affaire,2
744,745,technologie,humaine,2
756,757,technologie,langue,2
287,288,marketing,entreprise,2
761,762,technologie,sociale,2
801,802,finance,droit,2
989,990,économique,technique,2
1006,1007,économique,sociologie,2
293,294,marketing,droit,2
388,389,science,politique,2
380,381,science,sociale,2
1003,1004,économique,politique,2
2036,2037,civil,statistique,2
379,380,science,lettre,2
375,376,science,langue,2
1212,1213,humaine,lettre,2
1119,1120,assurance,direction,2
107,108,informatique,sécurité,2
161,162,management,réseaux,2
48,49,gestion,direction,2
145,146,management,science,2
153,154,management,comptabilité,2
44,45,gestion,tourisme,2
154,155,management,juridique,2
1317,1318,réseaux,sécurité,2
40,41,gestion,hygiène,2
37,38,gestion,civil,2
1808,1809,internationale,administration,2
36,37,gestion,sécurité,2
35,36,gestion,sociale,2
163,164,management,banque,2
1313,1314,réseaux,administration,2
34,35,gestion,lettre,2
170,171,management,technique,2
30,31,gestion,langue,2
49,50,gestion,projet,2
52,53,gestion,douane,2
1528,1529,environnement,industrie,2
1502,1503,environnement,ingénierie,2
99,100,informatique,ressource,2
102,103,informatique,internationale,2
89,90,informatique,humaine,2
103,104,informatique,administration,2
83,84,informatique,comptabilité,2
77,78,informatique,formation,2
110,111,informatique,assistanat,2
75,76,informatique,science,2
1428,1429,banque,direction,2
1419,1420,banque,assistanat,2
73,74,informatique,international,2
1408,1409,banque,ressource,2
119,120,informatique,direction,2
120,121,informatique,projet,2
121,122,informatique,fiscal,2
29,30,gestion,technique,2
1331,1332,réseaux,fiscal,2
98,99,informatique,ingénierie,2
195,196,management,énergie,2
1578,1579,développement,construction,2
1262,1263,transport,administration,2
1250,1251,transport,réseaux,2
1269,1270,transport,assistanat,2
197,198,management,renouvelable,2
1261,1262,transport,internationale,2
1270,1271,transport,hygiène,2
28,29,gestion,ressource,2
1278,1279,transport,direction,2
1257,1258,transport,ingénierie,2
20,21,gestion,réseaux,2
1254,1255,transport,environnement,2
2,3,gestion,international,14
1,2,gestion,management,13
9,10,gestion,entreprise,10
7,8,gestion,affaire,10
5,6,gestion,commerce,10
143,144,management,international,10
1494,1495,génie,ingénieur,1
1638,1639,ingénierie,ressource,1
1510,1511,environnement,sociale,1
770,771,technologie,tourisme,1
1645,1646,ingénierie,sociale,1
736,737,entreprise,création,1
768,769,technologie,master,1
738,739,technologie,comptabilité,1
749,750,technologie,génie,1
1650,1651,ingénierie,hygiène,1
755,756,technologie,technique,1
1646,1647,ingénierie,sécurité,1
550,551,affaire,technologie,1
2208,2209,master,art,1
759,760,technologie,journalisme,1
771,772,technologie,numérique,1
1500,1501,environnement,développement,1
757,758,technologie,internationale,1
1649,1650,ingénierie,assistanat,1
552,553,affaire,comptabilité,1
784,785,technologie,art,1
772,773,technologie,sociologie,1
1662,1663,ingénierie,douane,1
817,818,finance,internationale,1
519,520,formation,politique,1
815,816,finance,technique,1
1469,1470,génie,statistique,1
1474,1475,génie,sociologie,1
1667,1668,ingénierie,construction,1
525,526,formation,projet,1
813,814,finance,ingénierie,1
528,529,formation,douane,1
807,808,finance,télécommunication,1
1481,1482,génie,industrie,1
531,532,formation,recherche,1
536,537,formation,médecine,1
1635,1636,enseignement,vocation,1
1659,1660,ingénierie,projet,1
1658,1659,ingénierie,direction,1
1657,1658,ingénierie,architecture,1
544,545,formation,public,1
546,547,formation,anglai,1
793,794,technologie,audiovisuel,1
1583,1584,développement,vente,1
2175,2176,statistique,énergie,1
2177,2178,statistique,renouvelable,1
787,788,technologie,faculté,1
786,787,technologie,médecine,1
2178,2179,statistique,construction,1
2215,2216,master,information,1
572,573,affaire,administration,1
1632,1633,enseignement,ingénieur,1
2337,2338,architecture,construction,1
1600,1601,enseignement,lettre,1
636,637,communication,journalisme,1
635,636,communication,administration,1
558,559,affaire,humaine,1
1562,1563,développement,statistique,1
634,635,communication,internationale,1
630,631,communication,ingénierie,1
1577,1578,développement,renouvelable,1
562,563,affaire,banque,1
563,564,affaire,génie,1
1595,1596,enseignement,technique,1
1568,1569,développement,architecture,1
1575,1576,développement,énergie,1
2217,2218,master,audiovisuel,1
618,619,communication,droit,1
568,569,affaire,ressource,1
570,571,affaire,langue,1
2298,2299,numérique,audiovisuel,1
612,613,communication,entreprise,1
611,612,affaire,création,1
2301,2302,numérique,anglai,1
588,589,affaire,direction,1
586,587,affaire,sociologie,1
584,585,affaire,tourisme,1
571,572,affaire,internationale,1
2326,2327,sociologie,anglai,1
2277,2278,numérique,sociologie,1
1558,1559,développement,civil,1
557,558,affaire,logistique,1
661,662,communication,art,1
718,719,entreprise,industrie,1
713,714,entreprise,direction,1
1522,1523,environnement,architecture,1
1524,1525,environnement,projet,1
579,580,affaire,assistanat,1
1527,1528,environnement,douane,1
704,705,entreprise,assistanat,1
2238,2239,politique,médecine,1
701,702,entreprise,sécurité,1
1626,1627,enseignement,médecine,1
697,698,entreprise,administration,1
696,697,entreprise,internationale,1
1532,1533,environnement,construction,1
689,690,entreprise,environnement,1
687,688,entreprise,banque,1
1621,1622,enseignement,recherche,1
1548,1549,développement,ingénierie,1
553,554,affaire,juridique,1
1550,1551,développement,technique,1
1603,1604,enseignement,civil,1
1468,1469,génie,hygiène,1
554,555,affaire,économique,1
674,675,communication,création,1
670,671,communication,audiovisuel,1
1556,1557,développement,sociale,1
705,706,entreprise,hygiène,1
1221,1222,humaine,politique,1
818,819,finance,administration,1
1060,1061,droit,tourisme,1
1123,1124,assurance,douane,1
512,513,formation,sécurité,1
1113,1114,assurance,master,1
1305,1306,réseaux,environnement,1
1948,1949,lettre,art,1
1103,1104,assurance,administration,1
1102,1103,assurance,internationale,1
1308,1309,réseaux,ingénierie,1
1098,1099,assurance,ingénierie,1
1312,1313,réseaux,internationale,1
1969,1970,sociale,politique,1
1973,1974,sociale,architecture,1
1983,1984,sociale,construction,1
1984,1985,sociale,art,1
1044,1045,droit,ressource,1
1301,1302,transport,création,1
1034,1035,droit,humaine,1
1032,1033,droit,assurance,1
2010,2011,sécurité,projet,1
1030,1031,économique,anglai,1
2011,2012,sécurité,fiscal,1
2013,2014,sécurité,douane,1
1021,1022,économique,faculté,1
1020,1021,économique,médecine,1
1321,1322,réseaux,hygiène,1
1330,1331,réseaux,projet,1
1018,1019,économique,art,1
1005,1006,économique,numérique,1
1333,1334,réseaux,douane,1
1782,1783,langue,sociologie,1
1302,1303,réseaux,télécommunication,1
1920,1921,journalisme,audiovisuel,1
828,829,finance,master,1
1178,1179,logistique,industrie,1
1217,1218,humaine,assistanat,1
1865,1866,administration,fiscal,1
1863,1864,administration,direction,1
1226,1227,humaine,direction,1
1854,1855,administration,assistanat,1
1205,1206,humaine,ingénierie,1
1236,1237,humaine,art,1
1851,1852,administration,sécurité,1
1847,1848,internationale,création,1
1841,1842,internationale,information,1
1251,1252,transport,télécommunication,1
1196,1197,logistique,création,1
1886,1887,administration,création,1
1898,1899,journalisme,numérique,1
1177,1178,logistique,douane,1
1142,1143,assurance,création,1
1175,1176,logistique,fiscal,1
1174,1175,logistique,projet,1
1167,1168,logistique,master,1
1272,1273,transport,master,1
1826,1827,internationale,fiscal,1
1824,1825,internationale,direction,1
1279,1280,transport,projet,1
1280,1281,transport,fiscal,1
1282,1283,transport,douane,1
1283,1284,transport,industrie,1
1146,1147,logistique,télécommunication,1
1818,1819,internationale,master,1
1815,1816,internationale,assistanat,1
1812,1813,internationale,sécurité,1
1779,1780,langue,politique,1
1340,1341,réseaux,télécom,1
1345,1346,réseaux,bureautique,1
876,877,comptabilité,internationale,1
927,928,juridique,environnement,1
926,927,juridique,génie,1
924,925,juridique,télécommunication,1
1411,1412,banque,internationale,1
921,922,juridique,humaine,1
1412,1413,banque,administration,1
916,917,comptabilité,création,1
912,913,comptabilité,audiovisuel,1
1422,1423,banque,master,1
890,891,comptabilité,numérique,1
1701,1702,ressource,direction,1
2112,2113,assistanat,douane,1
878,879,comptabilité,journalisme,1
877,878,comptabilité,administration,1
1695,1696,ressource,master,1
1355,1356,télécommunication,environnement,1
872,873,comptabilité,ingénierie,1
1692,1693,ressource,assistanat,1
1451,1452,banque,création,1
1220,1221,humaine,master,1
1452,1453,génie,environnement,1
1454,1455,génie,enseignement,1
1457,1458,génie,technique,1
857,858,finance,création,1
2131,2132,assistanat,création,1
2140,2141,hygiène,projet,1
2143,2144,hygiène,douane,1
1458,1459,génie,langue,1
1464,1465,génie,sécurité,1
830,831,finance,tourisme,1
930,931,juridique,ingénierie,1
932,933,juridique,technique,1
934,935,juridique,internationale,1
935,936,juridique,administration,1
1001,1002,économique,statistique,1
1358,1359,télécommunication,ingénierie,1
997,998,économique,civil,1
1360,1361,télécommunication,technique,1
1761,1762,technique,ingénieur,1
1757,1758,technique,vente,1
990,991,économique,langue,1
1367,1368,télécommunication,sécurité,1
1755,1756,technique,médecine,1
1371,1372,télécommunication,hygiène,1
1380,1381,télécommunication,projet,1
2049,2050,civil,énergie,1
2051,2052,civil,renouvelable,1
2052,2053,civil,construction,1
973,974,juridique,anglai,1
964,965,juridique,faculté,1
963,964,juridique,médecine,1
2061,2062,civil,ingénieur,1
1383,1384,télécommunication,douane,1
955,956,juridique,douane,1
1738,1739,technique,politique,1
952,953,juridique,projet,1
1732,1733,technique,civil,1
948,949,juridique,numérique,1
1730,1731,technique,sociale,1
943,944,juridique,hygiène,1
1729,1730,technique,lettre,1
1407,1408,banque,ingénierie,1
938,939,juridique,sociale,1
516,517,formation,hygiène,1
791,792,technologie,information,1
147,148,management,formation,1
86,87,informatique,droit,1
78,79,informatique,affaire,1
80,81,informatique,entreprise,1
349,350,marketing,création,1
405,406,science,médecine,1
85,86,informatique,économique,1
303,304,marketing,développement,1
464,465,commerce,industrie,1
299,300,marketing,télécommunication,1
406,407,science,faculté,1
92,93,informatique,télécommunication,1
305,306,marketing,ingénierie,1
460,461,commerce,projet,1
95,96,informatique,environnement,1
2592,2593,réseau,bureautique,1
198,199,management,construction,1
71,72,gestion,création,1
130,131,informatique,télécom,1
356,357,science,finance,1
2583,2584,vente,réseau,1
254,255,international,tourisme,1
60,61,gestion,médecine,1
61,62,gestion,faculté,1
2584,2585,vente,bureautique,1
288,289,marketing,technologie,1
190,191,management,projet,1
2477,2478,énergie,construction,1
191,192,management,fiscal,1
67,68,gestion,audiovisuel,1
68,69,gestion,public,1
193,194,management,douane,1
352,353,science,affaire,1
351,352,science,formation,1
345,346,marketing,audiovisuel,1
238,239,international,ressource,1
395,396,science,fiscal,1
216,217,international,formation,1
442,443,commerce,internationale,1
125,126,informatique,énergie,1
439,440,commerce,ressource,1
123,124,informatique,douane,1
210,211,management,vocation,1
115,116,informatique,tourisme,1
330,331,marketing,douane,1
113,114,informatique,master,1
426,427,commerce,droit,1
116,117,informatique,numérique,1
117,118,informatique,sociologie,1
432,433,commerce,télécommunication,1
431,432,commerce,réseaux,1
429,430,commerce,humaine,1
443,444,commerce,administration,1
323,324,marketing,numérique,1
455,456,commerce,tourisme,1
417,418,commerce,formation,1
309,310,marketing,internationale,1
310,311,marketing,administration,1
311,312,marketing,journalisme,1
237,238,international,ingénierie,1
203,204,management,vente,1
415,416,science,anglai,1
2545,2546,art,audiovisuel,1
322,323,marketing,tourisme,1
229,230,international,transport,1
228,229,international,humaine,1
127,128,informatique,renouvelable,1
111,112,informatique,hygiène,1
424,425,commerce,juridique,1
320,321,marketing,master,1
2504,2505,recherche,public,1
403,404,science,art,1
141,142,informatique,anglai,1
183,184,management,master,1
503,504,formation,ingénierie,1
57,58,gestion,construction,1
181,182,management,hygiène,1
50,51,gestion,fiscal,1
2374,2375,direction,création,1
182,183,management,statistique,1
497,498,formation,télécommunication,1
382,383,science,civil,1
496,497,formation,réseaux,1
495,496,formation,transport,1
2377,2378,projet,douane,1
493,494,formation,logistique,1
510,511,formation,lettre,1
490,491,formation,économique,1
262,263,international,douane,1
46,47,gestion,sociologie,1
389,390,science,tourisme,1
366,367,science,télécommunication,1
25,26,gestion,développement,1
31,32,gestion,internationale,1
177,178,management,sécurité,1
32,33,gestion,administration,1
168,169,management,ingénierie,1
33,34,gestion,journalisme,1
265,266,international,recherche,1
45,46,gestion,numérique,1
505,506,formation,technique,1
178,179,management,civil,1
167,168,management,enseignement,1
41,42,gestion,statistique,1
165,166,management,environnement,1
365,366,science,réseaux,1
258,259,international,direction,1
47,48,gestion,architecture,1
53,54,gestion,industrie,1
2622,2623,public,vocation,1
363,364,science,humaine,1
484,485,formation,communication,1
142,143,informatique,création,1
55,56,gestion,recherche,1
482,483,commerce,création,1
390,391,science,numérique,1
278,279,international,public,1
2508,2509,renouvelable,construction,1
486,487,formation,technologie,1
1868,1869,administration,industrie,0
2553,2554,télécom,réseau,0
2558,2559,télécom,public,0
1862,1863,administration,architecture,0
1867,1868,administration,douane,0
2566,2567,médecine,information,0
1833,1834,internationale,construction,0
2556,2557,télécom,ingénieur,0
1822,1823,internationale,sociologie,0
1866,1867,administration,tic,0
1834,1835,internationale,art,0
2557,2558,télécom,audiovisuel,0
1864,1865,administration,projet,0
2555,2556,télécom,information,0
2554,2555,télécom,bureautique,0
1827,1828,internationale,tic,0
1869,1870,administration,énergie,0
1830,1831,internationale,énergie,0
2575,2576,faculté,bureautique,0
1813,1814,internationale,civil,0
2567,2568,médecine,ingénieur,0
1874,1875,administration,télécom,0
1873,1874,administration,art,0
1814,1815,internationale,busines,0
2574,2575,faculté,réseau,0
1872,1873,administration,construction,0
1832,1833,internationale,renouvelable,0
1816,1817,internationale,hygiène,0
1817,1818,internationale,statistique,0
1871,1872,administration,renouvelable,0
2552,2553,télécom,vente,0
1831,1832,internationale,recherche,0
1819,1820,internationale,politique,0
1820,1821,internationale,tourisme,0
1821,1822,internationale,numérique,0
1870,1871,administration,recherche,0
1861,1862,administration,sociologie,0
1835,1836,internationale,télécom,0
2562,2563,médecine,faculté,0
1829,1830,internationale,industrie,0
2570,2571,médecine,vocation,0
1849,1850,administration,lettre,0
1848,1849,administration,journalisme,0
2561,2562,télécom,création,0
1839,1840,internationale,réseau,0
1846,1847,internationale,anglai,0
1845,1846,internationale,vocation,0
1844,1845,internationale,public,0
2564,2565,médecine,réseau,0
1843,1844,internationale,audiovisuel,0
1842,1843,internationale,ingénieur,0
2563,2564,médecine,vente,0
1828,1829,internationale,douane,0
1825,1826,internationale,projet,0
1840,1841,internationale,bureautique,0
2571,2572,médecine,anglai,0
1850,1851,administration,sociale,0
2569,2570,médecine,public,0
2560,2561,télécom,anglai,0
1856,1857,administration,statistique,0
1860,1861,administration,numérique,0
2573,2574,faculté,vente,0
1836,1837,internationale,médecine,0
1859,1860,administration,tourisme,0
1858,1859,administration,politique,0
2568,2569,médecine,audiovisuel,0
1857,1858,administration,master,0
1855,1856,administration,hygiène,0
1838,1839,internationale,vente,0
1823,1824,internationale,architecture,0
1853,1854,administration,busines,0
2559,2560,télécom,vocation,0
2565,2566,médecine,bureautique,0
2572,2573,médecine,création,0
1852,1853,administration,civil,0
1837,1838,internationale,faculté,0
1875,1876,administration,médecine,0
1894,1895,journalisme,statistique,0
2551,2552,télécom,faculté,0
1918,1919,journalisme,information,0
2524,2525,construction,télécom,0
1943,1944,lettre,industrie,0
1942,1943,lettre,douane,0
2525,2526,construction,médecine,0
1941,1942,lettre,tic,0
1940,1941,lettre,fiscal,0
1939,1940,lettre,projet,0
1938,1939,lettre,direction,0
1937,1938,lettre,architecture,0
2526,2527,construction,faculté,0
1936,1937,lettre,sociologie,0
1935,1936,lettre,numérique,0
1934,1935,lettre,tourisme,0
2527,2528,construction,vente,0
1932,1933,lettre,master,0
1931,1932,lettre,statistique,0
1930,1931,lettre,hygiène,0
1929,1930,lettre,assistanat,0
1928,1929,lettre,busines,0
1927,1928,lettre,civil,0
1926,1927,lettre,sécurité,0
2528,2529,construction,réseau,0
1924,1925,journalisme,création,0
1923,1924,journalisme,anglai,0
1922,1923,journalisme,vocation,0
1921,1922,journalisme,public,0
2529,2530,construction,bureautique,0
1944,1945,lettre,énergie,0
1945,1946,lettre,recherche,0
1946,1947,lettre,renouvelable,0
2518,2519,renouvelable,audiovisuel,0
1968,1969,sociale,master,0
1967,1968,sociale,statistique,0
1966,1967,sociale,hygiène,0
1965,1966,sociale,assistanat,0
1964,1965,sociale,busines,0
1963,1964,sociale,civil,0
1962,1963,sociale,sécurité,0
1961,1962,lettre,création,0
1960,1961,lettre,anglai,0
1959,1960,lettre,vocation,0
1958,1959,lettre,public,0
2517,2518,renouvelable,ingénieur,0
1957,1958,lettre,audiovisuel,0
1947,1948,lettre,construction,0
1956,1957,lettre,ingénieur,0
2519,2520,renouvelable,public,0
1955,1956,lettre,information,0
1954,1955,lettre,bureautique,0
1953,1954,lettre,réseau,0
1952,1953,lettre,vente,0
2520,2521,renouvelable,vocation,0
1951,1952,lettre,faculté,0
2521,2522,renouvelable,anglai,0
2522,2523,renouvelable,création,0
2523,2524,construction,art,0
1949,1950,lettre,télécom,0
1919,1920,journalisme,ingénieur,0
1917,1918,journalisme,bureautique,0
2550,2551,télécom,médecine,0
1916,1917,journalisme,réseau,0
2544,2545,art,ingénieur,0
1899,1900,journalisme,sociologie,0
2546,2547,art,public,0
1897,1898,journalisme,tourisme,0
1896,1897,journalisme,politique,0
1895,1896,journalisme,master,0
1810,1811,internationale,lettre,0
1893,1894,journalisme,hygiène,0
1892,1893,journalisme,assistanat,0
1891,1892,journalisme,busines,0
1890,1891,journalisme,civil,0
1889,1890,journalisme,sécurité,0
1888,1889,journalisme,sociale,0
1887,1888,journalisme,lettre,0
2547,2548,art,vocation,0
1885,1886,administration,anglai,0
1884,1885,administration,vocation,0
1883,1884,administration,public,0
1882,1883,administration,audiovisuel,0
2548,2549,art,anglai,0
2549,2550,art,création,0
1881,1882,administration,ingénieur,0
1880,1881,administration,information,0
1879,1880,administration,bureautique,0
1878,1879,administration,réseau,0
1877,1878,administration,vente,0
1876,1877,administration,faculté,0
2543,2544,art,information,0
1900,1901,journalisme,architecture,0
1901,1902,journalisme,direction,0
1912,1913,journalisme,télécom,0
2530,2531,construction,information,0
2531,2532,construction,ingénieur,0
2532,2533,construction,audiovisuel,0
2533,2534,construction,public,0
2534,2535,construction,vocation,0
2535,2536,construction,anglai,0
1915,1916,journalisme,vente,0
2536,2537,construction,création,0
1914,1915,journalisme,faculté,0
1913,1914,journalisme,médecine,0
2537,2538,art,télécom,0
2538,2539,art,médecine,0
1911,1912,journalisme,art,0
1902,1903,journalisme,projet,0
2539,2540,art,faculté,0
2540,2541,art,vente,0
1910,1911,journalisme,construction,0
1909,1910,journalisme,renouvelable,0
1908,1909,journalisme,recherche,0
1907,1908,journalisme,énergie,0
1906,1907,journalisme,industrie,0
2541,2542,art,réseau,0
1905,1906,journalisme,douane,0
2542,2543,art,bureautique,0
1904,1905,journalisme,tic,0
1903,1904,journalisme,fiscal,0
1811,1812,internationale,sociale,0
2367,2368,direction,bureautique,0
1809,1810,internationale,journalisme,0
1674,1675,ingénierie,bureautique,0
1673,1674,ingénierie,réseau,0
1672,1673,ingénierie,vente,0
1671,1672,ingénierie,faculté,0
1670,1671,ingénierie,médecine,0
2610,2611,information,vocation,0
1669,1670,ingénierie,télécom,0
1668,1669,ingénierie,art,0
1666,1667,ingénierie,renouvelable,0
1665,1666,ingénierie,recherche,0
1664,1665,ingénierie,énergie,0
1663,1664,ingénierie,industrie,0
1661,1662,ingénierie,tic,0
1660,1661,ingénierie,fiscal,0
2611,2612,information,anglai,0
1656,1657,ingénierie,sociologie,0
1655,1656,ingénierie,numérique,0
1654,1655,ingénierie,tourisme,0
1653,1654,ingénierie,politique,0
1652,1653,ingénierie,master,0
1651,1652,ingénierie,statistique,0
2612,2613,information,création,0
2613,2614,ingénieur,audiovisuel,0
1648,1649,ingénierie,busines,0
1647,1648,ingénierie,civil,0
2614,2615,ingénieur,public,0
2615,2616,ingénieur,vocation,0
1644,1645,ingénierie,lettre,0
2609,2610,information,public,0
1675,1676,ingénierie,information,0
2576,2577,faculté,information,0
2608,2609,information,audiovisuel,0
1697,1698,ressource,tourisme,0
1696,1697,ressource,politique,0
1694,1695,ressource,statistique,0
1693,1694,ressource,hygiène,0
2601,2602,bureautique,ingénieur,0
1691,1692,ressource,busines,0
1690,1691,ressource,civil,0
1689,1690,ressource,sécurité,0
1688,1689,ressource,sociale,0
1687,1688,ressource,lettre,0
1686,1687,ressource,journalisme,0
1685,1686,ressource,administration,0
1684,1685,ressource,internationale,0
2602,2603,bureautique,audiovisuel,0
2603,2604,bureautique,public,0
1683,1684,ressource,langue,0
2604,2605,bureautique,vocation,0
1682,1683,ressource,technique,0
1681,1682,ingénierie,création,0
2605,2606,bureautique,anglai,0
2606,2607,bureautique,création,0
1680,1681,ingénierie,anglai,0
1679,1680,ingénierie,vocation,0
1678,1679,ingénierie,public,0
1677,1678,ingénierie,audiovisuel,0
1676,1677,ingénierie,ingénieur,0
2607,2608,information,ingénieur,0
1643,1644,ingénierie,journalisme,0
1642,1643,ingénierie,administration,0
1641,1642,ingénierie,internationale,0
1640,1641,ingénierie,langue,0
1611,1612,enseignement,numérique,0
1610,1611,enseignement,tourisme,0
1609,1610,enseignement,politique,0
1608,1609,enseignement,master,0
1607,1608,enseignement,statistique,0
1606,1607,enseignement,hygiène,0
1605,1606,enseignement,assistanat,0
1604,1605,enseignement,busines,0
1602,1603,enseignement,sécurité,0
2624,2625,public,création,0
1601,1602,enseignement,sociale,0
1599,1600,enseignement,journalisme,0
2625,2626,vocation,anglai,0
1598,1599,enseignement,administration,0
1597,1598,enseignement,internationale,0
1596,1597,enseignement,langue,0
1594,1595,enseignement,ressource,0
1593,1594,enseignement,ingénierie,0
1592,1593,développement,création,0
1591,1592,développement,anglai,0
1590,1591,développement,vocation,0
1589,1590,développement,public,0
1588,1589,développement,audiovisuel,0
1587,1588,développement,ingénieur,0
2626,2627,vocation,création,0
1586,1587,développement,information,0
1585,1586,développement,bureautique,0
1612,1613,enseignement,sociologie,0
1613,1614,enseignement,architecture,0
1614,1615,enseignement,direction,0
1629,1630,enseignement,réseau,0
1639,1640,ingénierie,technique,0
2616,2617,ingénieur,anglai,0
2617,2618,ingénieur,création,0
2618,2619,audiovisuel,public,0
1637,1638,enseignement,création,0
1636,1637,enseignement,anglai,0
1634,1635,enseignement,public,0
1633,1634,enseignement,audiovisuel,0
2619,2620,audiovisuel,vocation,0
1631,1632,enseignement,information,0
1630,1631,enseignement,bureautique,0
2620,2621,audiovisuel,anglai,0
1628,1629,enseignement,vente,0
1615,1616,enseignement,projet,0
1627,1628,enseignement,faculté,0
2621,2622,audiovisuel,création,0
1625,1626,enseignement,télécom,0
1624,1625,enseignement,art,0
1623,1624,enseignement,construction,0
1622,1623,enseignement,renouvelable,0
2623,2624,public,anglai,0
1620,1621,enseignement,énergie,0
1619,1620,enseignement,industrie,0
1618,1619,enseignement,douane,0
1617,1618,enseignement,tic,0
1616,1617,enseignement,fiscal,0
1698,1699,ressource,numérique,0
1699,1700,ressource,sociologie,0
1700,1701,ressource,architecture,0
1759,1760,technique,bureautique,0
1784,1785,langue,direction,0
1783,1784,langue,architecture,0
1781,1782,langue,numérique,0
1780,1781,langue,tourisme,0
2585,2586,vente,information,0
1778,1779,langue,master,0
1777,1778,langue,statistique,0
1776,1777,langue,hygiène,0
1775,1776,langue,assistanat,0
2586,2587,vente,ingénieur,0
1774,1775,langue,busines,0
1773,1774,langue,civil,0
1772,1773,langue,sécurité,0
1771,1772,langue,sociale,0
1770,1771,langue,lettre,0
1769,1770,langue,journalisme,0
1768,1769,langue,administration,0
1767,1768,langue,internationale,0
1766,1767,technique,création,0
2587,2588,vente,audiovisuel,0
1765,1766,technique,anglai,0
1764,1765,technique,vocation,0
2588,2589,vente,public,0
1763,1764,technique,public,0
2589,2590,vente,vocation,0
1762,1763,technique,audiovisuel,0
2590,2591,vente,anglai,0
1785,1786,langue,projet,0
1970,1971,sociale,tourisme,0
1786,1787,langue,fiscal,0
2580,2581,faculté,vocation,0
1807,1808,langue,création,0
1806,1807,langue,anglai,0
2577,2578,faculté,ingénieur,0
2578,2579,faculté,audiovisuel,0
1805,1806,langue,vocation,0
1804,1805,langue,public,0
2579,2580,faculté,public,0
1803,1804,langue,audiovisuel,0
1802,1803,langue,ingénieur,0
1801,1802,langue,information,0
1800,1801,langue,bureautique,0
1799,1800,langue,réseau,0
1798,1799,langue,vente,0
1787,1788,langue,tic,0
1797,1798,langue,faculté,0
2581,2582,faculté,anglai,0
1796,1797,langue,médecine,0
1795,1796,langue,télécom,0
1794,1795,langue,art,0
2582,2583,faculté,création,0
1793,1794,langue,construction,0
1792,1793,langue,renouvelable,0
1791,1792,langue,recherche,0
1790,1791,langue,énergie,0
1789,1790,langue,industrie,0
1788,1789,langue,douane,0
1760,1761,technique,information,0
1758,1759,technique,réseau,0
2600,2601,bureautique,information,0
2591,2592,vente,création,0
1725,1726,technique,langue,0
1724,1725,ressource,création,0
1723,1724,ressource,anglai,0
1722,1723,ressource,vocation,0
1721,1722,ressource,public,0
2597,2598,réseau,vocation,0
2598,2599,réseau,anglai,0
1720,1721,ressource,audiovisuel,0
1719,1720,ressource,ingénieur,0
1718,1719,ressource,information,0
1717,1718,ressource,bureautique,0
1716,1717,ressource,réseau,0
1715,1716,ressource,vente,0
1714,1715,ressource,faculté,0
1713,1714,ressource,médecine,0
1712,1713,ressource,télécom,0
1711,1712,ressource,art,0
2599,2600,réseau,création,0
1710,1711,ressource,construction,0
1709,1710,ressource,renouvelable,0
1708,1709,ressource,recherche,0
1707,1708,ressource,énergie,0
1706,1707,ressource,industrie,0
1705,1706,ressource,douane,0
1704,1705,ressource,tic,0
1703,1704,ressource,fiscal,0
1702,1703,ressource,projet,0
1726,1727,technique,internationale,0
1727,1728,technique,administration,0
1728,1729,technique,journalisme,0
1745,1746,technique,fiscal,0
1756,1757,technique,faculté,0
1754,1755,technique,télécom,0
2593,2594,réseau,information,0
1753,1754,technique,art,0
1752,1753,technique,construction,0
1751,1752,technique,renouvelable,0
1750,1751,technique,recherche,0
1749,1750,technique,énergie,0
1748,1749,technique,industrie,0
1747,1748,technique,douane,0
1746,1747,technique,tic,0
2594,2595,réseau,ingénieur,0
1744,1745,technique,projet,0
2596,2597,réseau,public,0
1743,1744,technique,direction,0
1742,1743,technique,architecture,0
1741,1742,technique,sociologie,0
1740,1741,technique,numérique,0
1739,1740,technique,tourisme,0
2595,2596,réseau,audiovisuel,0
1737,1738,technique,master,0
1736,1737,technique,statistique,0
1735,1736,technique,hygiène,0
1734,1735,technique,assistanat,0
1733,1734,technique,busines,0
1731,1732,technique,sécurité,0
2516,2517,renouvelable,information,0
1998,1999,sécurité,civil,0
1971,1972,sociale,numérique,0
2237,2238,politique,télécom,0
2248,2249,politique,anglai,0
2247,2248,politique,vocation,0
2246,2247,politique,public,0
2245,2246,politique,audiovisuel,0
2244,2245,politique,ingénieur,0
2243,2244,politique,information,0
2416,2417,fiscal,anglai,0
2417,2418,fiscal,création,0
2242,2243,politique,bureautique,0
2241,2242,politique,réseau,0
2240,2241,politique,vente,0
2418,2419,tic,douane,0
2239,2240,politique,faculté,0
2236,2237,politique,art,0
2415,2416,fiscal,vocation,0
2235,2236,politique,construction,0
2234,2235,politique,renouvelable,0
2233,2234,politique,recherche,0
2232,2233,politique,énergie,0
2231,2232,politique,industrie,0
2230,2231,politique,douane,0
2229,2230,politique,tic,0
2228,2229,politique,fiscal,0
2227,2228,politique,projet,0
2419,2420,tic,industrie,0
2226,2227,politique,direction,0
2225,2226,politique,architecture,0
2224,2225,politique,sociologie,0
2249,2250,politique,création,0
2250,2251,tourisme,numérique,0
2274,2275,tourisme,vocation,0
2260,2261,tourisme,recherche,0
2272,2273,tourisme,audiovisuel,0
2271,2272,tourisme,ingénieur,0
2270,2271,tourisme,information,0
2269,2270,tourisme,bureautique,0
2268,2269,tourisme,réseau,0
2267,2268,tourisme,vente,0
2408,2409,fiscal,vente,0
2266,2267,tourisme,faculté,0
2265,2266,tourisme,médecine,0
2264,2265,tourisme,télécom,0
2263,2264,tourisme,art,0
2262,2263,tourisme,construction,0
2261,2262,tourisme,renouvelable,0
2259,2260,tourisme,énergie,0
2251,2252,tourisme,sociologie,0
2409,2410,fiscal,réseau,0
2258,2259,tourisme,industrie,0
2257,2258,tourisme,douane,0
2256,2257,tourisme,tic,0
2410,2411,fiscal,bureautique,0
2255,2256,tourisme,fiscal,0
2411,2412,fiscal,information,0
2412,2413,fiscal,ingénieur,0
2254,2255,tourisme,projet,0
2253,2254,tourisme,direction,0
2413,2414,fiscal,audiovisuel,0
2252,2253,tourisme,architecture,0
2414,2415,fiscal,public,0
2223,2224,politique,numérique,0
2222,2223,politique,tourisme,0
2221,2222,master,création,0
2186,2187,statistique,information,0
2195,2196,master,numérique,0
2194,2195,master,tourisme,0
2193,2194,master,politique,0
2192,2193,statistique,création,0
2191,2192,statistique,anglai,0
2190,2191,statistique,vocation,0
2430,2431,tic,bureautique,0
2431,2432,tic,information,0
2432,2433,tic,ingénieur,0
2433,2434,tic,audiovisuel,0
2189,2190,statistique,public,0
2188,2189,statistique,audiovisuel,0
2187,2188,statistique,ingénieur,0
2185,2186,statistique,bureautique,0
2220,2221,master,anglai,0
2184,2185,statistique,réseau,0
2183,2184,statistique,vente,0
2182,2183,statistique,faculté,0
2181,2182,statistique,médecine,0
2180,2181,statistique,télécom,0
2179,2180,statistique,art,0
2434,2435,tic,public,0
2435,2436,tic,vocation,0
2436,2437,tic,anglai,0
2437,2438,tic,création,0
2176,2177,statistique,recherche,0
2438,2439,douane,industrie,0
2439,2440,douane,énergie,0
2429,2430,tic,réseau,0
2196,2197,master,sociologie,0
2428,2429,tic,vente,0
2427,2428,tic,faculté,0
2219,2220,master,vocation,0
2218,2219,master,public,0
2216,2217,master,ingénieur,0
2420,2421,tic,énergie,0
2214,2215,master,bureautique,0
2213,2214,master,réseau,0
2212,2213,master,vente,0
2211,2212,master,faculté,0
2210,2211,master,médecine,0
2209,2210,master,télécom,0
2421,2422,tic,recherche,0
2422,2423,tic,renouvelable,0
2423,2424,tic,construction,0
2207,2208,master,construction,0
2206,2207,master,renouvelable,0
2424,2425,tic,art,0
2205,2206,master,recherche,0
2204,2205,master,énergie,0
2203,2204,master,industrie,0
2202,2203,master,douane,0
2425,2426,tic,télécom,0
2201,2202,master,tic,0
2200,2201,master,fiscal,0
2199,2200,master,projet,0
2198,2199,master,direction,0
2197,2198,master,architecture,0
2426,2427,tic,médecine,0
2273,2274,tourisme,public,0
2275,2276,tourisme,anglai,0
2440,2441,douane,recherche,0
2333,2334,architecture,industrie,0
2340,2341,architecture,médecine,0
2375,2376,projet,fiscal,0
2376,2377,projet,tic,0
2378,2379,projet,industrie,0
2379,2380,projet,énergie,0
2380,2381,projet,recherche,0
2339,2340,architecture,télécom,0
2338,2339,architecture,art,0
2381,2382,projet,renouvelable,0
2382,2383,projet,construction,0
2336,2337,architecture,renouvelable,0
2335,2336,architecture,recherche,0
2334,2335,architecture,énergie,0
2383,2384,projet,art,0
2341,2342,architecture,faculté,0
2384,2385,projet,télécom,0
2332,2333,architecture,douane,0
2331,2332,architecture,tic,0
2330,2331,architecture,fiscal,0
2329,2330,architecture,projet,0
2328,2329,architecture,direction,0
2327,2328,sociologie,création,0
2385,2386,projet,médecine,0
2386,2387,projet,faculté,0
2325,2326,sociologie,vocation,0
2324,2325,sociologie,public,0
2323,2324,sociologie,audiovisuel,0
2387,2388,projet,vente,0
2373,2374,direction,anglai,0
2342,2343,architecture,vente,0
2407,2408,fiscal,faculté,0
2356,2357,direction,industrie,0
2366,2367,direction,réseau,0
2365,2366,direction,vente,0
2364,2365,direction,faculté,0
2368,2369,direction,information,0
2363,2364,direction,médecine,0
2362,2363,direction,télécom,0
2369,2370,direction,ingénieur,0
2361,2362,direction,art,0
2360,2361,direction,construction,0
2359,2360,direction,renouvelable,0
2358,2359,direction,recherche,0
2357,2358,direction,énergie,0
2370,2371,direction,audiovisuel,0
2355,2356,direction,douane,0
2343,2344,architecture,réseau,0
2371,2372,direction,public,0
2354,2355,direction,tic,0
2353,2354,direction,fiscal,0
2352,2353,direction,projet,0
2351,2352,architecture,création,0
2350,2351,architecture,anglai,0
2349,2350,architecture,vocation,0
2372,2373,direction,vocation,0
2348,2349,architecture,public,0
2347,2348,architecture,audiovisuel,0
2346,2347,architecture,ingénieur,0
2345,2346,architecture,information,0
2344,2345,architecture,bureautique,0
2322,2323,sociologie,ingénieur,0
2388,2389,projet,réseau,0
2321,2322,sociologie,information,0
2403,2404,fiscal,construction,0
2398,2399,fiscal,douane,0
2399,2400,fiscal,industrie,0
2400,2401,fiscal,énergie,0
2295,2296,numérique,bureautique,0
2294,2295,numérique,réseau,0
2293,2294,numérique,vente,0
2292,2293,numérique,faculté,0
2291,2292,numérique,médecine,0
2290,2291,numérique,télécom,0
2401,2402,fiscal,recherche,0
2402,2403,fiscal,renouvelable,0
2289,2290,numérique,art,0
2288,2289,numérique,construction,0
2404,2405,fiscal,art,0
2389,2390,projet,bureautique,0
2287,2288,numérique,renouvelable,0
2286,2287,numérique,recherche,0
2285,2286,numérique,énergie,0
2284,2285,numérique,industrie,0
2283,2284,numérique,douane,0
2405,2406,fiscal,télécom,0
2282,2283,numérique,tic,0
2281,2282,numérique,fiscal,0
2280,2281,numérique,projet,0
2279,2280,numérique,direction,0
2278,2279,numérique,architecture,0
2406,2407,fiscal,médecine,0
2276,2277,tourisme,création,0
2397,2398,fiscal,tic,0
2396,2397,projet,création,0
2296,2297,numérique,information,0
2297,2298,numérique,ingénieur,0
2320,2321,sociologie,bureautique,0
2319,2320,sociologie,réseau,0
2318,2319,sociologie,vente,0
2317,2318,sociologie,faculté,0
2316,2317,sociologie,médecine,0
2315,2316,sociologie,télécom,0
2314,2315,sociologie,art,0
2313,2314,sociologie,construction,0
2312,2313,sociologie,renouvelable,0
2311,2312,sociologie,recherche,0
2310,2311,sociologie,énergie,0
2309,2310,sociologie,industrie,0
2308,2309,sociologie,douane,0
2307,2308,sociologie,tic,0
2306,2307,sociologie,fiscal,0
2305,2306,sociologie,projet,0
2304,2305,sociologie,direction,0
2303,2304,sociologie,architecture,0
2302,2303,numérique,création,0
2390,2391,projet,information,0
2300,2301,numérique,vocation,0
2299,2300,numérique,public,0
2391,2392,projet,ingénieur,0
2392,2393,projet,audiovisuel,0
2393,2394,projet,public,0
2394,2395,projet,vocation,0
2395,2396,projet,anglai,0
2174,2175,statistique,industrie,0
2173,2174,statistique,douane,0
1972,1973,sociale,sociologie,0
2041,2042,civil,sociologie,0
2054,2055,civil,télécom,0
2053,2054,civil,art,0
2492,2493,recherche,renouvelable,0
2493,2494,recherche,construction,0
2050,2051,civil,recherche,0
2048,2049,civil,industrie,0
2047,2048,civil,douane,0
2046,2047,civil,tic,0
2045,2046,civil,fiscal,0
2494,2495,recherche,art,0
2044,2045,civil,projet,0
2043,2044,civil,direction,0
2042,2043,civil,architecture,0
2040,2041,civil,numérique,0
2056,2057,civil,faculté,0
2495,2496,recherche,télécom,0
2039,2040,civil,tourisme,0
2038,2039,civil,politique,0
2037,2038,civil,master,0
2496,2497,recherche,médecine,0
2497,2498,recherche,faculté,0
2498,2499,recherche,vente,0
2035,2036,civil,hygiène,0
2034,2035,civil,assistanat,0
2033,2034,civil,busines,0
2032,2033,sécurité,création,0
2499,2500,recherche,réseau,0
2031,2032,sécurité,anglai,0
2055,2056,civil,médecine,0
2057,2058,civil,vente,0
2480,2481,énergie,médecine,0
2069,2070,busines,statistique,0
2077,2078,busines,projet,0
2482,2483,énergie,vente,0
2483,2484,énergie,réseau,0
2484,2485,énergie,bureautique,0
2076,2077,busines,direction,0
2075,2076,busines,architecture,0
2074,2075,busines,sociologie,0
2485,2486,énergie,information,0
2073,2074,busines,numérique,0
2072,2073,busines,tourisme,0
2071,2072,busines,politique,0
2486,2487,énergie,ingénieur,0
2070,2071,busines,master,0
2487,2488,énergie,audiovisuel,0
2058,2059,civil,réseau,0
2068,2069,busines,hygiène,0
2488,2489,énergie,public,0
2067,2068,busines,assistanat,0
2066,2067,civil,création,0
2065,2066,civil,anglai,0
2064,2065,civil,vocation,0
2063,2064,civil,public,0
2062,2063,civil,audiovisuel,0
2489,2490,énergie,vocation,0
2490,2491,énergie,anglai,0
2491,2492,énergie,création,0
2060,2061,civil,information,0
2059,2060,civil,bureautique,0
2500,2501,recherche,bureautique,0
2501,2502,recherche,information,0
2030,2031,sécurité,vocation,0
1986,1987,sociale,médecine,0
2511,2512,renouvelable,médecine,0
1999,2000,sécurité,busines,0
1997,1998,sociale,création,0
1996,1997,sociale,anglai,0
1995,1996,sociale,vocation,0
1994,1995,sociale,public,0
1993,1994,sociale,audiovisuel,0
1992,1993,sociale,ingénieur,0
1991,1992,sociale,information,0
1990,1991,sociale,bureautique,0
1989,1990,sociale,réseau,0
1988,1989,sociale,vente,0
1987,1988,sociale,faculté,0
1985,1986,sociale,télécom,0
2029,2030,sécurité,public,0
2512,2513,renouvelable,faculté,0
2513,2514,renouvelable,vente,0
2514,2515,renouvelable,réseau,0
1982,1983,sociale,renouvelable,0
1981,1982,sociale,recherche,0
1980,1981,sociale,énergie,0
1979,1980,sociale,industrie,0
1978,1979,sociale,douane,0
1977,1978,sociale,tic,0
1976,1977,sociale,fiscal,0
1975,1976,sociale,projet,0
1974,1975,sociale,direction,0
2515,2516,renouvelable,bureautique,0
2000,2001,sécurité,assistanat,0
2510,2511,renouvelable,télécom,0
2002,2003,sécurité,statistique,0
2003,2004,sécurité,master,0
2028,2029,sécurité,audiovisuel,0
2027,2028,sécurité,ingénieur,0
2026,2027,sécurité,information,0
2025,2026,sécurité,bureautique,0
2024,2025,sécurité,réseau,0
2023,2024,sécurité,vente,0
2022,2023,sécurité,faculté,0
2021,2022,sécurité,médecine,0
2020,2021,sécurité,télécom,0
2019,2020,sécurité,art,0
2502,2503,recherche,ingénieur,0
2503,2504,recherche,audiovisuel,0
2018,2019,sécurité,construction,0
2017,2018,sécurité,renouvelable,0
2016,2017,sécurité,recherche,0
2015,2016,sécurité,énergie,0
2505,2506,recherche,vocation,0
2012,2013,sécurité,tic,0
2506,2507,recherche,anglai,0
2507,2508,recherche,création,0
2009,2010,sécurité,direction,0
2509,2510,renouvelable,art,0
2008,2009,sécurité,architecture,0
2007,2008,sécurité,sociologie,0
2006,2007,sécurité,numérique,0
2005,2006,sécurité,tourisme,0
2004,2005,sécurité,politique,0
2481,2482,énergie,faculté,0
2479,2480,énergie,télécom,0
2172,2173,statistique,tic,0
2138,2139,hygiène,architecture,0
2152,2153,hygiène,faculté,0
2151,2152,hygiène,médecine,0
2150,2151,hygiène,télécom,0
2454,2455,douane,vocation,0
2149,2150,hygiène,art,0
2148,2149,hygiène,construction,0
2147,2148,hygiène,renouvelable,0
2146,2147,hygiène,recherche,0
2145,2146,hygiène,énergie,0
2455,2456,douane,anglai,0
2142,2143,hygiène,tic,0
2141,2142,hygiène,fiscal,0
2139,2140,hygiène,direction,0
2137,2138,hygiène,sociologie,0
2153,2154,hygiène,vente,0
2136,2137,hygiène,numérique,0
2135,2136,hygiène,tourisme,0
2134,2135,hygiène,politique,0
2133,2134,hygiène,master,0
2132,2133,hygiène,statistique,0
2456,2457,douane,création,0
2130,2131,assistanat,anglai,0
2129,2130,assistanat,vocation,0
2128,2129,assistanat,public,0
2127,2128,assistanat,audiovisuel,0
2126,2127,assistanat,ingénieur,0
2125,2126,assistanat,information,0
2457,2458,industrie,énergie,0
2453,2454,douane,public,0
2452,2453,douane,audiovisuel,0
2078,2079,busines,fiscal,0
2163,2164,statistique,master,0
2171,2172,statistique,fiscal,0
2170,2171,statistique,projet,0
2169,2170,statistique,direction,0
2168,2169,statistique,architecture,0
2441,2442,douane,renouvelable,0
2442,2443,douane,construction,0
2443,2444,douane,art,0
2444,2445,douane,télécom,0
2167,2168,statistique,sociologie,0
2445,2446,douane,médecine,0
2166,2167,statistique,numérique,0
2165,2166,statistique,tourisme,0
2164,2165,statistique,politique,0
2446,2447,douane,faculté,0
2154,2155,hygiène,réseau,0
2447,2448,douane,vente,0
2448,2449,douane,réseau,0
2162,2163,hygiène,création,0
2449,2450,douane,bureautique,0
2450,2451,douane,information,0
2161,2162,hygiène,anglai,0
2160,2161,hygiène,vocation,0
2159,2160,hygiène,public,0
2158,2159,hygiène,audiovisuel,0
2157,2158,hygiène,ingénieur,0
2156,2157,hygiène,information,0
2451,2452,douane,ingénieur,0
2155,2156,hygiène,bureautique,0
2458,2459,industrie,recherche,0
2459,2460,industrie,renouvelable,0
2460,2461,industrie,construction,0
2084,2085,busines,renouvelable,0
2096,2097,busines,public,0
2095,2096,busines,audiovisuel,0
2094,2095,busines,ingénieur,0
2093,2094,busines,information,0
2092,2093,busines,bureautique,0
2091,2092,busines,réseau,0
2090,2091,busines,vente,0
2089,2090,busines,faculté,0
2088,2089,busines,médecine,0
2087,2088,busines,télécom,0
2467,2468,industrie,bureautique,0
2086,2087,busines,art,0
2085,2086,busines,construction,0
2468,2469,industrie,information,0
2124,2125,assistanat,bureautique,0
2469,2470,industrie,ingénieur,0
2083,2084,busines,recherche,0
2082,2083,busines,énergie,0
2470,2471,industrie,audiovisuel,0
2471,2472,industrie,public,0
2472,2473,industrie,vocation,0
2473,2474,industrie,anglai,0
2474,2475,industrie,création,0
2081,2082,busines,industrie,0
2475,2476,énergie,recherche,0
2080,2081,busines,douane,0
2079,2080,busines,tic,0
2478,2479,énergie,art,0
2097,2098,busines,vocation,0
2098,2099,busines,anglai,0
2099,2100,busines,création,0
2100,2101,assistanat,hygiène,0
2123,2124,assistanat,réseau,0
2122,2123,assistanat,vente,0
2121,2122,assistanat,faculté,0
2120,2121,assistanat,médecine,0
2119,2120,assistanat,télécom,0
2461,2462,industrie,art,0
2462,2463,industrie,télécom,0
2118,2119,assistanat,art,0
2117,2118,assistanat,construction,0
2463,2464,industrie,médecine,0
2116,2117,assistanat,renouvelable,0
2115,2116,assistanat,recherche,0
2114,2115,assistanat,énergie,0
2113,2114,assistanat,industrie,0
2464,2465,industrie,faculté,0
2111,2112,assistanat,tic,0
2110,2111,assistanat,fiscal,0
2109,2110,assistanat,projet,0
2465,2466,industrie,vente,0
2107,2108,assistanat,architecture,0
2466,2467,industrie,réseau,0
2106,2107,assistanat,sociologie,0
2105,2106,assistanat,numérique,0
2104,2105,assistanat,tourisme,0
2103,2104,assistanat,politique,0
2102,2103,assistanat,master,0
2101,2102,assistanat,statistique,0
1584,1585,développement,réseau,0
1314,1315,réseaux,journalisme,0
1582,1583,développement,faculté,0
657,658,communication,énergie,0
655,656,communication,douane,0
654,655,communication,tic,0
653,654,communication,fiscal,0
652,653,communication,projet,0
650,651,communication,architecture,0
649,650,communication,sociologie,0
648,649,communication,numérique,0
647,648,communication,tourisme,0
646,647,communication,politique,0
644,645,communication,statistique,0
643,644,communication,hygiène,0
641,642,communication,busines,0
640,641,communication,civil,0
639,640,communication,sécurité,0
638,639,communication,sociale,0
637,638,communication,lettre,0
633,634,communication,langue,0
632,633,communication,technique,0
629,630,communication,enseignement,0
628,629,communication,développement,0
627,628,communication,environnement,0
626,627,communication,génie,0
624,625,communication,télécommunication,0
623,624,communication,réseaux,0
617,618,communication,économique,0
616,617,communication,juridique,0
613,614,communication,technologie,0
610,611,affaire,anglai,0
609,610,affaire,vocation,0
656,657,communication,industrie,0
658,659,communication,recherche,0
706,707,entreprise,statistique,0
659,660,communication,renouvelable,0
702,703,entreprise,civil,0
700,701,entreprise,sociale,0
699,700,entreprise,lettre,0
698,699,entreprise,journalisme,0
695,696,entreprise,langue,0
694,695,entreprise,technique,0
693,694,entreprise,ressource,0
692,693,entreprise,ingénierie,0
691,692,entreprise,enseignement,0
690,691,entreprise,développement,0
688,689,entreprise,génie,0
686,687,entreprise,télécommunication,0
685,686,entreprise,réseaux,0
683,684,entreprise,humaine,0
679,680,entreprise,économique,0
678,679,entreprise,juridique,0
675,676,entreprise,technologie,0
673,674,communication,anglai,0
672,673,communication,vocation,0
671,672,communication,public,0
669,670,communication,ingénieur,0
668,669,communication,information,0
667,668,communication,bureautique,0
666,667,communication,réseau,0
665,666,communication,vente,0
664,665,communication,faculté,0
663,664,communication,médecine,0
662,663,communication,télécom,0
660,661,communication,construction,0
608,609,affaire,public,0
607,608,affaire,audiovisuel,0
606,607,affaire,ingénieur,0
605,606,affaire,information,0
564,565,affaire,environnement,0
561,562,affaire,télécommunication,0
560,561,affaire,réseaux,0
547,548,formation,création,0
545,546,formation,vocation,0
543,544,formation,audiovisuel,0
542,543,formation,ingénieur,0
541,542,formation,information,0
540,541,formation,bureautique,0
539,540,formation,réseau,0
538,539,formation,vente,0
537,538,formation,faculté,0
535,536,formation,télécom,0
534,535,formation,art,0
533,534,formation,construction,0
532,533,formation,renouvelable,0
530,531,formation,énergie,0
529,530,formation,industrie,0
527,528,formation,tic,0
526,527,formation,fiscal,0
524,525,formation,direction,0
523,524,formation,architecture,0
522,523,formation,sociologie,0
521,522,formation,numérique,0
520,521,formation,tourisme,0
518,519,formation,master,0
517,518,formation,statistique,0
515,516,formation,assistanat,0
514,515,formation,busines,0
565,566,affaire,développement,0
566,567,affaire,enseignement,0
567,568,affaire,ingénierie,0
591,592,affaire,tic,0
604,605,affaire,bureautique,0
603,604,affaire,réseau,0
602,603,affaire,vente,0
601,602,affaire,faculté,0
600,601,affaire,médecine,0
599,600,affaire,télécom,0
598,599,affaire,art,0
597,598,affaire,construction,0
596,597,affaire,renouvelable,0
595,596,affaire,recherche,0
594,595,affaire,énergie,0
593,594,affaire,industrie,0
592,593,affaire,douane,0
590,591,affaire,fiscal,0
569,570,affaire,technique,0
589,590,affaire,projet,0
587,588,affaire,architecture,0
585,586,affaire,numérique,0
583,584,affaire,politique,0
582,583,affaire,master,0
581,582,affaire,statistique,0
580,581,affaire,hygiène,0
578,579,affaire,busines,0
577,578,affaire,civil,0
576,577,affaire,sécurité,0
575,576,affaire,sociale,0
574,575,affaire,lettre,0
573,574,affaire,journalisme,0
703,704,entreprise,busines,0
707,708,entreprise,master,0
891,892,comptabilité,sociologie,0
845,846,finance,télécom,0
843,844,finance,construction,0
842,843,finance,renouvelable,0
841,842,finance,recherche,0
840,841,finance,énergie,0
839,840,finance,industrie,0
838,839,finance,douane,0
837,838,finance,tic,0
836,837,finance,fiscal,0
835,836,finance,projet,0
833,834,finance,architecture,0
832,833,finance,sociologie,0
831,832,finance,numérique,0
829,830,finance,politique,0
827,828,finance,statistique,0
826,827,finance,hygiène,0
824,825,finance,busines,0
823,824,finance,civil,0
822,823,finance,sécurité,0
821,822,finance,sociale,0
820,821,finance,lettre,0
819,820,finance,journalisme,0
816,817,finance,langue,0
812,813,finance,enseignement,0
811,812,finance,développement,0
810,811,finance,environnement,0
809,810,finance,génie,0
806,807,finance,réseaux,0
800,801,finance,économique,0
799,800,finance,juridique,0
844,845,finance,art,0
846,847,finance,médecine,0
708,709,entreprise,politique,0
847,848,finance,faculté,0
888,889,comptabilité,politique,0
887,888,comptabilité,master,0
886,887,comptabilité,statistique,0
885,886,comptabilité,hygiène,0
883,884,comptabilité,busines,0
882,883,comptabilité,civil,0
881,882,comptabilité,sécurité,0
880,881,comptabilité,sociale,0
879,880,comptabilité,lettre,0
875,876,comptabilité,langue,0
874,875,comptabilité,technique,0
871,872,comptabilité,enseignement,0
870,871,comptabilité,développement,0
869,870,comptabilité,environnement,0
868,869,comptabilité,génie,0
866,867,comptabilité,télécommunication,0
865,866,comptabilité,réseaux,0
860,861,comptabilité,droit,0
859,860,comptabilité,économique,0
858,859,comptabilité,juridique,0
856,857,finance,anglai,0
855,856,finance,vocation,0
854,855,finance,public,0
853,854,finance,audiovisuel,0
852,853,finance,ingénieur,0
851,852,finance,information,0
850,851,finance,bureautique,0
849,850,finance,réseau,0
848,849,finance,vente,0
797,798,technologie,création,0
796,797,technologie,anglai,0
795,796,technologie,vocation,0
794,795,technologie,public,0
743,744,technologie,logistique,0
742,743,technologie,assurance,0
741,742,technologie,droit,0
737,738,technologie,finance,0
735,736,entreprise,anglai,0
734,735,entreprise,vocation,0
733,734,entreprise,public,0
732,733,entreprise,audiovisuel,0
731,732,entreprise,ingénieur,0
730,731,entreprise,information,0
729,730,entreprise,bureautique,0
728,729,entreprise,réseau,0
727,728,entreprise,vente,0
726,727,entreprise,faculté,0
725,726,entreprise,médecine,0
724,725,entreprise,télécom,0
723,724,entreprise,art,0
722,723,entreprise,construction,0
721,722,entreprise,renouvelable,0
720,721,entreprise,recherche,0
719,720,entreprise,énergie,0
717,718,entreprise,douane,0
716,717,entreprise,tic,0
715,716,entreprise,fiscal,0
714,715,entreprise,projet,0
712,713,entreprise,architecture,0
711,712,entreprise,sociologie,0
710,711,entreprise,numérique,0
709,710,entreprise,tourisme,0
745,746,technologie,transport,0
746,747,technologie,réseaux,0
747,748,technologie,télécommunication,0
775,776,technologie,projet,0
792,793,technologie,ingénieur,0
790,791,technologie,bureautique,0
789,790,technologie,réseau,0
788,789,technologie,vente,0
785,786,technologie,télécom,0
783,784,technologie,construction,0
782,783,technologie,renouvelable,0
781,782,technologie,recherche,0
780,781,technologie,énergie,0
779,780,technologie,industrie,0
778,779,technologie,douane,0
777,778,technologie,tic,0
776,777,technologie,fiscal,0
774,775,technologie,direction,0
748,749,technologie,banque,0
773,774,technologie,architecture,0
767,768,technologie,statistique,0
766,767,technologie,hygiène,0
765,766,technologie,assistanat,0
764,765,technologie,busines,0
763,764,technologie,civil,0
762,763,technologie,sécurité,0
758,759,technologie,administration,0
754,755,technologie,ressource,0
753,754,technologie,ingénierie,0
752,753,technologie,enseignement,0
751,752,technologie,développement,0
750,751,technologie,environnement,0
513,514,formation,civil,0
511,512,formation,sociale,0
509,510,formation,journalisme,0
248,249,international,busines,0
246,247,international,sécurité,0
245,246,international,sociale,0
244,245,international,lettre,0
243,244,international,journalisme,0
242,243,international,administration,0
241,242,international,internationale,0
240,241,international,langue,0
239,240,international,technique,0
236,237,international,enseignement,0
235,236,international,développement,0
234,235,international,environnement,0
233,234,international,génie,0
231,232,international,télécommunication,0
230,231,international,réseaux,0
224,225,international,économique,0
223,224,international,juridique,0
220,221,international,technologie,0
214,215,international,science,0
212,213,management,création,0
211,212,management,anglai,0
209,210,management,public,0
208,209,management,audiovisuel,0
207,208,management,ingénieur,0
206,207,management,information,0
205,206,management,bureautique,0
204,205,management,réseau,0
202,203,management,faculté,0
201,202,management,médecine,0
200,201,management,télécom,0
247,248,international,civil,0
250,251,international,hygiène,0
508,509,formation,administration,0
251,252,international,statistique,0
292,293,marketing,économique,0
291,292,marketing,juridique,0
284,285,marketing,formation,0
282,283,marketing,science,0
281,282,international,création,0
280,281,international,anglai,0
279,280,international,vocation,0
277,278,international,audiovisuel,0
276,277,international,ingénieur,0
275,276,international,information,0
274,275,international,bureautique,0
273,274,international,réseau,0
272,273,international,vente,0
271,272,international,faculté,0
270,271,international,médecine,0
269,270,international,télécom,0
268,269,international,art,0
267,268,international,construction,0
266,267,international,renouvelable,0
264,265,international,énergie,0
263,264,international,industrie,0
261,262,international,tic,0
260,261,international,fiscal,0
259,260,international,projet,0
257,258,international,architecture,0
256,257,international,sociologie,0
255,256,international,numérique,0
253,254,international,politique,0
252,253,international,master,0
199,200,management,art,0
196,197,management,recherche,0
194,195,management,industrie,0
192,193,management,tic,0
118,119,informatique,architecture,0
114,115,informatique,politique,0
112,113,informatique,statistique,0
109,110,informatique,busines,0
108,109,informatique,civil,0
106,107,informatique,sociale,0
105,106,informatique,lettre,0
104,105,informatique,journalisme,0
101,102,informatique,langue,0
100,101,informatique,technique,0
97,98,informatique,enseignement,0
96,97,informatique,développement,0
94,95,informatique,génie,0
81,82,informatique,technologie,0
70,71,gestion,anglai,0
69,70,gestion,vocation,0
66,67,gestion,ingénieur,0
65,66,gestion,information,0
64,65,gestion,bureautique,0
63,64,gestion,réseau,0
62,63,gestion,vente,0
59,60,gestion,télécom,0
58,59,gestion,art,0
56,57,gestion,renouvelable,0
54,55,gestion,énergie,0
51,52,gestion,tic,0
42,43,gestion,master,0
38,39,gestion,busines,0
26,27,gestion,enseignement,0
122,123,informatique,tic,0
124,125,informatique,industrie,0
126,127,informatique,recherche,0
171,172,management,langue,0
189,190,management,direction,0
188,189,management,architecture,0
187,188,management,sociologie,0
186,187,management,numérique,0
185,186,management,tourisme,0
184,185,management,politique,0
180,181,management,assistanat,0
179,180,management,busines,0
176,177,management,sociale,0
175,176,management,lettre,0
174,175,management,journalisme,0
173,174,management,administration,0
172,173,management,internationale,0
164,165,management,génie,0
128,129,informatique,construction,0
155,156,management,économique,0
151,152,management,technologie,0
140,141,informatique,vocation,0
139,140,informatique,public,0
138,139,informatique,audiovisuel,0
137,138,informatique,ingénieur,0
136,137,informatique,information,0
135,136,informatique,bureautique,0
134,135,informatique,réseau,0
133,134,informatique,vente,0
132,133,informatique,faculté,0
131,132,informatique,médecine,0
129,130,informatique,art,0
298,299,marketing,réseaux,0
301,302,marketing,génie,0
302,303,marketing,environnement,0
401,402,science,renouvelable,0
461,462,commerce,fiscal,0
458,459,commerce,architecture,0
457,458,commerce,sociologie,0
456,457,commerce,numérique,0
454,455,commerce,politique,0
453,454,commerce,master,0
452,453,commerce,statistique,0
449,450,commerce,busines,0
448,449,commerce,civil,0
446,447,commerce,sociale,0
445,446,commerce,lettre,0
444,445,commerce,journalisme,0
441,442,commerce,langue,0
440,441,commerce,technique,0
437,438,commerce,enseignement,0
436,437,commerce,développement,0
434,435,commerce,génie,0
425,426,commerce,économique,0
421,422,commerce,technologie,0
416,417,science,création,0
414,415,science,vocation,0
413,414,science,public,0
412,413,science,audiovisuel,0
411,412,science,ingénieur,0
410,411,science,information,0
409,410,science,bureautique,0
408,409,science,réseau,0
407,408,science,vente,0
404,405,science,télécom,0
462,463,commerce,tic,0
465,466,commerce,énergie,0
466,467,commerce,recherche,0
483,484,formation,affaire,0
507,508,formation,internationale,0
506,507,formation,langue,0
504,505,formation,ressource,0
502,503,formation,enseignement,0
501,502,formation,développement,0
499,500,formation,génie,0
498,499,formation,banque,0
494,495,formation,humaine,0
492,493,formation,assurance,0
491,492,formation,droit,0
488,489,formation,comptabilité,0
487,488,formation,finance,0
485,486,formation,entreprise,0
481,482,commerce,anglai,0
467,468,commerce,renouvelable,0
480,481,commerce,vocation,0
479,480,commerce,public,0
478,479,commerce,audiovisuel,0
477,478,commerce,ingénieur,0
476,477,commerce,information,0
475,476,commerce,bureautique,0
474,475,commerce,réseau,0
473,474,commerce,vente,0
472,473,commerce,faculté,0
471,472,commerce,médecine,0
470,471,commerce,télécom,0
469,470,commerce,art,0
468,469,commerce,construction,0
402,403,science,construction,0
400,401,science,recherche,0
304,305,marketing,enseignement,0
399,400,science,énergie,0
344,345,marketing,ingénieur,0
343,344,marketing,information,0
342,343,marketing,bureautique,0
341,342,marketing,réseau,0
340,341,marketing,vente,0
339,340,marketing,faculté,0
338,339,marketing,médecine,0
337,338,marketing,télécom,0
336,337,marketing,art,0
335,336,marketing,construction,0
334,335,marketing,renouvelable,0
333,334,marketing,recherche,0
332,333,marketing,énergie,0
331,332,marketing,industrie,0
329,330,marketing,tic,0
328,329,marketing,fiscal,0
327,328,marketing,projet,0
325,326,marketing,architecture,0
324,325,marketing,sociologie,0
321,322,marketing,politique,0
319,320,marketing,statistique,0
318,319,marketing,hygiène,0
316,317,marketing,busines,0
315,316,marketing,civil,0
314,315,marketing,sécurité,0
313,314,marketing,sociale,0
312,313,marketing,lettre,0
308,309,marketing,langue,0
307,308,marketing,technique,0
346,347,marketing,public,0
347,348,marketing,vocation,0
348,349,marketing,anglai,0
377,378,science,administration,0
398,399,science,industrie,0
397,398,science,douane,0
396,397,science,tic,0
394,395,science,projet,0
393,394,science,direction,0
392,393,science,architecture,0
387,388,science,master,0
386,387,science,statistique,0
385,386,science,hygiène,0
384,385,science,assistanat,0
383,384,science,busines,0
381,382,science,sécurité,0
378,379,science,journalisme,0
376,377,science,internationale,0
350,351,science,commerce,0
373,374,science,ressource,0
372,373,science,ingénierie,0
371,372,science,enseignement,0
370,371,science,développement,0
369,370,science,environnement,0
367,368,science,banque,0
364,365,science,transport,0
362,363,science,logistique,0
361,362,science,assurance,0
360,361,science,droit,0
357,358,science,comptabilité,0
354,355,science,entreprise,0
353,354,science,communication,0
889,890,comptabilité,tourisme,0
892,893,comptabilité,architecture,0
1581,1582,développement,médecine,0
1378,1379,télécommunication,architecture,0
1376,1377,télécommunication,numérique,0
1375,1376,télécommunication,tourisme,0
1374,1375,télécommunication,politique,0
1373,1374,télécommunication,master,0
1372,1373,télécommunication,statistique,0
1370,1371,télécommunication,assistanat,0
1369,1370,télécommunication,busines,0
1368,1369,télécommunication,civil,0
1366,1367,télécommunication,sociale,0
1365,1366,télécommunication,lettre,0
1364,1365,télécommunication,journalisme,0
1363,1364,télécommunication,administration,0
1362,1363,télécommunication,internationale,0
1361,1362,télécommunication,langue,0
1359,1360,télécommunication,ressource,0
1357,1358,télécommunication,enseignement,0
1356,1357,télécommunication,développement,0
1354,1355,télécommunication,génie,0
1353,1354,télécommunication,banque,0
1352,1353,réseaux,création,0
1351,1352,réseaux,anglai,0
1350,1351,réseaux,vocation,0
1349,1350,réseaux,public,0
1348,1349,réseaux,audiovisuel,0
1347,1348,réseaux,ingénieur,0
1346,1347,réseaux,information,0
1344,1345,réseaux,réseau,0
1343,1344,réseaux,vente,0
1342,1343,réseaux,faculté,0
1377,1378,télécommunication,sociologie,0
1379,1380,télécommunication,direction,0
1417,1418,banque,civil,0
1381,1382,télécommunication,fiscal,0
1415,1416,banque,sociale,0
1414,1415,banque,lettre,0
1413,1414,banque,journalisme,0
1410,1411,banque,langue,0
1409,1410,banque,technique,0
1406,1407,banque,enseignement,0
1405,1406,banque,développement,0
1404,1405,banque,environnement,0
1403,1404,banque,génie,0
1402,1403,télécommunication,création,0
1401,1402,télécommunication,anglai,0
1400,1401,télécommunication,vocation,0
1399,1400,télécommunication,public,0
1398,1399,télécommunication,audiovisuel,0
1397,1398,télécommunication,ingénieur,0
1396,1397,télécommunication,information,0
1395,1396,télécommunication,bureautique,0
1394,1395,télécommunication,réseau,0
1393,1394,télécommunication,vente,0
1392,1393,télécommunication,faculté,0
1391,1392,télécommunication,médecine,0
1390,1391,télécommunication,télécom,0
1389,1390,télécommunication,art,0
1388,1389,télécommunication,construction,0
1387,1388,télécommunication,renouvelable,0
1386,1387,télécommunication,recherche,0
1385,1386,télécommunication,énergie,0
1384,1385,télécommunication,industrie,0
1382,1383,télécommunication,tic,0
1341,1342,réseaux,médecine,0
1339,1340,réseaux,art,0
1338,1339,réseaux,construction,0
1337,1338,réseaux,renouvelable,0
1292,1293,transport,vente,0
1291,1292,transport,faculté,0
1290,1291,transport,médecine,0
1289,1290,transport,télécom,0
1288,1289,transport,art,0
1287,1288,transport,construction,0
1286,1287,transport,renouvelable,0
1285,1286,transport,recherche,0
1284,1285,transport,énergie,0
1281,1282,transport,tic,0
1277,1278,transport,architecture,0
1276,1277,transport,sociologie,0
1275,1276,transport,numérique,0
1274,1275,transport,tourisme,0
1273,1274,transport,politique,0
1271,1272,transport,statistique,0
1268,1269,transport,busines,0
1267,1268,transport,civil,0
1265,1266,transport,sociale,0
1264,1265,transport,lettre,0
1263,1264,transport,journalisme,0
1260,1261,transport,langue,0
1259,1260,transport,technique,0
1256,1257,transport,enseignement,0
1255,1256,transport,développement,0
1253,1254,transport,génie,0
1249,1250,humaine,création,0
1248,1249,humaine,anglai,0
1247,1248,humaine,vocation,0
1293,1294,transport,réseau,0
1294,1295,transport,bureautique,0
1295,1296,transport,information,0
1319,1320,réseaux,busines,0
1336,1337,réseaux,recherche,0
1335,1336,réseaux,énergie,0
1334,1335,réseaux,industrie,0
1332,1333,réseaux,tic,0
1329,1330,réseaux,direction,0
1328,1329,réseaux,architecture,0
1327,1328,réseaux,sociologie,0
1326,1327,réseaux,numérique,0
1325,1326,réseaux,tourisme,0
1324,1325,réseaux,politique,0
1323,1324,réseaux,master,0
1322,1323,réseaux,statistique,0
1320,1321,réseaux,assistanat,0
1318,1319,réseaux,civil,0
1296,1297,transport,ingénieur,0
1316,1317,réseaux,sociale,0
1315,1316,réseaux,lettre,0
1311,1312,réseaux,langue,0
1310,1311,réseaux,technique,0
1309,1310,réseaux,ressource,0
1307,1308,réseaux,enseignement,0
1306,1307,réseaux,développement,0
1304,1305,réseaux,génie,0
1303,1304,réseaux,banque,0
1300,1301,transport,anglai,0
1299,1300,transport,vocation,0
1298,1299,transport,public,0
1297,1298,transport,audiovisuel,0
1416,1417,banque,sécurité,0
1418,1419,banque,busines,0
894,895,comptabilité,projet,0
1540,1541,environnement,information,0
1538,1539,environnement,réseau,0
1537,1538,environnement,vente,0
1536,1537,environnement,faculté,0
1535,1536,environnement,médecine,0
1534,1535,environnement,télécom,0
1533,1534,environnement,art,0
1531,1532,environnement,renouvelable,0
1530,1531,environnement,recherche,0
1529,1530,environnement,énergie,0
1526,1527,environnement,tic,0
1525,1526,environnement,fiscal,0
1523,1524,environnement,direction,0
1521,1522,environnement,sociologie,0
1520,1521,environnement,numérique,0
1519,1520,environnement,tourisme,0
1518,1519,environnement,politique,0
1517,1518,environnement,master,0
1516,1517,environnement,statistique,0
1514,1515,environnement,assistanat,0
1513,1514,environnement,busines,0
1512,1513,environnement,civil,0
1509,1510,environnement,lettre,0
1508,1509,environnement,journalisme,0
1507,1508,environnement,administration,0
1506,1507,environnement,internationale,0
1505,1506,environnement,langue,0
1504,1505,environnement,technique,0
1503,1504,environnement,ressource,0
1501,1502,environnement,enseignement,0
1539,1540,environnement,bureautique,0
1541,1542,environnement,ingénieur,0
1420,1421,banque,hygiène,0
1542,1543,environnement,audiovisuel,0
1580,1581,développement,télécom,0
1579,1580,développement,art,0
1576,1577,développement,recherche,0
1574,1575,développement,industrie,0
1573,1574,développement,douane,0
1572,1573,développement,tic,0
1571,1572,développement,fiscal,0
1570,1571,développement,projet,0
1569,1570,développement,direction,0
1567,1568,développement,sociologie,0
1566,1567,développement,numérique,0
1565,1566,développement,tourisme,0
1564,1565,développement,politique,0
1563,1564,développement,master,0
1561,1562,développement,hygiène,0
1560,1561,développement,assistanat,0
1559,1560,développement,busines,0
1557,1558,développement,sécurité,0
1555,1556,développement,lettre,0
1554,1555,développement,journalisme,0
1553,1554,développement,administration,0
1552,1553,développement,internationale,0
1551,1552,développement,langue,0
1549,1550,développement,ressource,0
1547,1548,développement,enseignement,0
1546,1547,environnement,création,0
1545,1546,environnement,anglai,0
1544,1545,environnement,vocation,0
1543,1544,environnement,public,0
1499,1500,génie,création,0
1498,1499,génie,anglai,0
1497,1498,génie,vocation,0
1496,1497,génie,public,0
1453,1454,génie,développement,0
1450,1451,banque,anglai,0
1449,1450,banque,vocation,0
1448,1449,banque,public,0
1447,1448,banque,audiovisuel,0
1446,1447,banque,ingénieur,0
1445,1446,banque,information,0
1444,1445,banque,bureautique,0
1443,1444,banque,réseau,0
1442,1443,banque,vente,0
1441,1442,banque,faculté,0
1440,1441,banque,médecine,0
1439,1440,banque,télécom,0
1438,1439,banque,art,0
1437,1438,banque,construction,0
1436,1437,banque,renouvelable,0
1435,1436,banque,recherche,0
1434,1435,banque,énergie,0
1433,1434,banque,industrie,0
1432,1433,banque,douane,0
1431,1432,banque,tic,0
1430,1431,banque,fiscal,0
1429,1430,banque,projet,0
1427,1428,banque,architecture,0
1426,1427,banque,sociologie,0
1425,1426,banque,numérique,0
1424,1425,banque,tourisme,0
1423,1424,banque,politique,0
1421,1422,banque,statistique,0
1455,1456,génie,ingénierie,0
1456,1457,génie,ressource,0
1459,1460,génie,internationale,0
1480,1481,génie,douane,0
1495,1496,génie,audiovisuel,0
1493,1494,génie,information,0
1492,1493,génie,bureautique,0
1491,1492,génie,réseau,0
1490,1491,génie,vente,0
1489,1490,génie,faculté,0
1488,1489,génie,médecine,0
1487,1488,génie,télécom,0
1486,1487,génie,art,0
1485,1486,génie,construction,0
1484,1485,génie,renouvelable,0
1483,1484,génie,recherche,0
1482,1483,génie,énergie,0
1479,1480,génie,tic,0
1460,1461,génie,administration,0
1478,1479,génie,fiscal,0
1477,1478,génie,projet,0
1476,1477,génie,direction,0
1475,1476,génie,architecture,0
1473,1474,génie,numérique,0
1472,1473,génie,tourisme,0
1471,1472,génie,politique,0
1470,1471,génie,master,0
1467,1468,génie,assistanat,0
1466,1467,génie,busines,0
1463,1464,génie,sociale,0
1462,1463,génie,lettre,0
1461,1462,génie,journalisme,0
1246,1247,humaine,public,0
1245,1246,humaine,audiovisuel,0
1244,1245,humaine,ingénieur,0
1035,1036,droit,transport,0
1031,1032,économique,création,0
1029,1030,économique,vocation,0
1028,1029,économique,public,0
1027,1028,économique,audiovisuel,0
1026,1027,économique,ingénieur,0
1025,1026,économique,information,0
1024,1025,économique,bureautique,0
1023,1024,économique,réseau,0
1022,1023,économique,vente,0
1019,1020,économique,télécom,0
1017,1018,économique,construction,0
1016,1017,économique,renouvelable,0
1015,1016,économique,recherche,0
1014,1015,économique,énergie,0
1013,1014,économique,industrie,0
1012,1013,économique,douane,0
1011,1012,économique,tic,0
1010,1011,économique,fiscal,0
1009,1010,économique,projet,0
1008,1009,économique,direction,0
1007,1008,économique,architecture,0
1004,1005,économique,tourisme,0
1002,1003,économique,master,0
1000,1001,économique,hygiène,0
999,1000,économique,assistanat,0
998,999,économique,busines,0
996,997,économique,sécurité,0
993,994,économique,journalisme,0
992,993,économique,administration,0
1033,1034,droit,logistique,0
1036,1037,droit,réseaux,0
1243,1244,humaine,information,0
1037,1038,droit,télécommunication,0
1068,1069,droit,douane,0
1067,1068,droit,tic,0
1066,1067,droit,fiscal,0
1065,1066,droit,projet,0
1064,1065,droit,direction,0
1063,1064,droit,architecture,0
1062,1063,droit,sociologie,0
1061,1062,droit,numérique,0
1059,1060,droit,politique,0
1058,1059,droit,master,0
1057,1058,droit,statistique,0
1056,1057,droit,hygiène,0
1055,1056,droit,assistanat,0
1054,1055,droit,busines,0
1053,1054,droit,civil,0
1052,1053,droit,sécurité,0
1051,1052,droit,sociale,0
1050,1051,droit,lettre,0
1049,1050,droit,journalisme,0
1048,1049,droit,administration,0
1047,1048,droit,internationale,0
1046,1047,droit,langue,0
1045,1046,droit,technique,0
1043,1044,droit,ingénierie,0
1042,1043,droit,enseignement,0
1041,1042,droit,développement,0
1040,1041,droit,environnement,0
1039,1040,droit,génie,0
1038,1039,droit,banque,0
991,992,économique,internationale,0
988,989,économique,ressource,0
987,988,économique,ingénierie,0
986,987,économique,enseignement,0
941,942,juridique,busines,0
940,941,juridique,civil,0
936,937,juridique,journalisme,0
931,932,juridique,ressource,0
929,930,juridique,enseignement,0
928,929,juridique,développement,0
925,926,juridique,banque,0
919,920,juridique,assurance,0
918,919,juridique,droit,0
915,916,comptabilité,anglai,0
914,915,comptabilité,vocation,0
913,914,comptabilité,public,0
911,912,comptabilité,ingénieur,0
910,911,comptabilité,information,0
909,910,comptabilité,bureautique,0
908,909,comptabilité,réseau,0
907,908,comptabilité,vente,0
906,907,comptabilité,faculté,0
905,906,comptabilité,médecine,0
904,905,comptabilité,télécom,0
903,904,comptabilité,art,0
902,903,comptabilité,construction,0
901,902,comptabilité,renouvelable,0
900,901,comptabilité,recherche,0
899,900,comptabilité,énergie,0
898,899,comptabilité,industrie,0
897,898,comptabilité,douane,0
896,897,comptabilité,tic,0
895,896,comptabilité,fiscal,0
942,943,juridique,assistanat,0
944,945,juridique,statistique,0
945,946,juridique,master,0
969,970,juridique,ingénieur,0
985,986,économique,développement,0
984,985,économique,environnement,0
982,983,économique,banque,0
981,982,économique,télécommunication,0
980,981,économique,réseaux,0
979,980,économique,transport,0
977,978,économique,logistique,0
976,977,économique,assurance,0
975,976,économique,droit,0
974,975,juridique,création,0
972,973,juridique,vocation,0
971,972,juridique,public,0
970,971,juridique,audiovisuel,0
968,969,juridique,information,0
947,948,juridique,tourisme,0
967,968,juridique,bureautique,0
966,967,juridique,réseau,0
965,966,juridique,vente,0
962,963,juridique,télécom,0
961,962,juridique,art,0
960,961,juridique,construction,0
959,960,juridique,renouvelable,0
958,959,juridique,recherche,0
957,958,juridique,énergie,0
956,957,juridique,industrie,0
954,955,juridique,tic,0
951,952,juridique,direction,0
950,951,juridique,architecture,0
1069,1070,droit,industrie,0
1070,1071,droit,énergie,0
1071,1072,droit,recherche,0
1159,1160,logistique,lettre,0
1201,1202,humaine,génie,0
1199,1200,humaine,télécommunication,0
1198,1199,humaine,réseaux,0
1195,1196,logistique,anglai,0
1194,1195,logistique,vocation,0
1193,1194,logistique,public,0
1192,1193,logistique,audiovisuel,0
1191,1192,logistique,ingénieur,0
1190,1191,logistique,information,0
1189,1190,logistique,bureautique,0
1188,1189,logistique,réseau,0
1187,1188,logistique,vente,0
1186,1187,logistique,faculté,0
1185,1186,logistique,médecine,0
1184,1185,logistique,télécom,0
1183,1184,logistique,art,0
1182,1183,logistique,construction,0
1181,1182,logistique,renouvelable,0
1180,1181,logistique,recherche,0
1179,1180,logistique,énergie,0
1176,1177,logistique,tic,0
1172,1173,logistique,architecture,0
1171,1172,logistique,sociologie,0
1170,1171,logistique,numérique,0
1169,1170,logistique,tourisme,0
1168,1169,logistique,politique,0
1166,1167,logistique,statistique,0
1163,1164,logistique,busines,0
1162,1163,logistique,civil,0
1202,1203,humaine,environnement,0
1203,1204,humaine,développement,0
1204,1205,humaine,enseignement,0
1228,1229,humaine,fiscal,0
1242,1243,humaine,bureautique,0
1241,1242,humaine,réseau,0
1240,1241,humaine,vente,0
1239,1240,humaine,faculté,0
1238,1239,humaine,médecine,0
1237,1238,humaine,télécom,0
1235,1236,humaine,construction,0
1234,1235,humaine,renouvelable,0
1233,1234,humaine,recherche,0
1232,1233,humaine,énergie,0
1231,1232,humaine,industrie,0
1230,1231,humaine,douane,0
1229,1230,humaine,tic,0
1227,1228,humaine,projet,0
1207,1208,humaine,technique,0
1225,1226,humaine,architecture,0
1224,1225,humaine,sociologie,0
1223,1224,humaine,numérique,0
1222,1223,humaine,tourisme,0
1219,1220,humaine,statistique,0
1218,1219,humaine,hygiène,0
1216,1217,humaine,busines,0
1215,1216,humaine,civil,0
1214,1215,humaine,sécurité,0
1211,1212,humaine,journalisme,0
1210,1211,humaine,administration,0
1209,1210,humaine,internationale,0
1208,1209,humaine,langue,0
1160,1161,logistique,sociale,0
1158,1159,logistique,journalisme,0
1072,1073,droit,renouvelable,0
1155,1156,logistique,langue,0
1109,1110,assurance,busines,0
1108,1109,assurance,civil,0
1107,1108,assurance,sécurité,0
1106,1107,assurance,sociale,0
1105,1106,assurance,lettre,0
1104,1105,assurance,journalisme,0
1101,1102,assurance,langue,0
1100,1101,assurance,technique,0
1097,1098,assurance,enseignement,0
1096,1097,assurance,développement,0
1095,1096,assurance,environnement,0
1094,1095,assurance,génie,0
1092,1093,assurance,télécommunication,0
1091,1092,assurance,réseaux,0
1087,1088,droit,création,0
1086,1087,droit,anglai,0
1085,1086,droit,vocation,0
1084,1085,droit,public,0
1083,1084,droit,audiovisuel,0
1082,1083,droit,ingénieur,0
1081,1082,droit,information,0
1080,1081,droit,bureautique,0
1079,1080,droit,réseau,0
1078,1079,droit,vente,0
1077,1078,droit,faculté,0
1076,1077,droit,médecine,0
1075,1076,droit,télécom,0
1074,1075,droit,art,0
1073,1074,droit,construction,0
1111,1112,assurance,hygiène,0
1112,1113,assurance,statistique,0
1114,1115,assurance,politique,0
1132,1133,assurance,faculté,0
1154,1155,logistique,technique,0
1151,1152,logistique,enseignement,0
1150,1151,logistique,développement,0
1148,1149,logistique,génie,0
1141,1142,assurance,anglai,0
1140,1141,assurance,vocation,0
1139,1140,assurance,public,0
1138,1139,assurance,audiovisuel,0
1137,1138,assurance,ingénieur,0
1136,1137,assurance,information,0
1135,1136,assurance,bureautique,0
1134,1135,assurance,réseau,0
1133,1134,assurance,vente,0
1131,1132,assurance,médecine,0
1115,1116,assurance,tourisme,0
1130,1131,assurance,télécom,0
1129,1130,assurance,art,0
1128,1129,assurance,construction,0
1127,1128,assurance,renouvelable,0
1126,1127,assurance,recherche,0
1125,1126,assurance,énergie,0
1124,1125,assurance,industrie,0
1122,1123,assurance,tic,0
1121,1122,assurance,fiscal,0
1120,1121,assurance,projet,0
1118,1119,assurance,architecture,0
1117,1118,assurance,sociologie,0
1116,1117,assurance,numérique,0
2627,2628,anglai,création,0
